{"offset": [44.414552341871946, -27.608267302937154, -41.69892269811463], "matrix": [[1.000879289567828, 0.010650405201802594, -0.008246738867612862], [0.010650405201802575, 0.9827109688460008, -0.006599753400601525], [-0.008246738867612948, -0.006599753400601549, 1.0169275983617088]], "field_ut": 49.87100857498403}